{
    "resolution": {
        "x": 1920,
        "y": 1080
    },
    "components": [
        {
            "weight": 0.3,
            "color": {
                "r": 0.2387576302865042,
                "g": 0.37311731153144656,
                "b": 0.13578644411144714
            },
            "transform": {
                "a": -0.2426488501901909,
                "b": -1.2708542427352227,
                "c": -0.9048960366426346,
                "d": -0.1262096178305674,
                "e": 0.47059748301406046,
                "f": 0.7481361815312026
            },
            "weightedVariations": [
                {
                    "weight": 0.5000000000000002,
                    "variation": {
                        "name": "Swirl"
                    }
                },
                {
                    "weight": 0.5000000000000002,
                    "variation": {
                        "name": "Swirl"
                    }
                }
            ]
        },
        {
            "weight": 0.7000000000000001,
            "color": {
                "r": 0.25274675030836713,
                "g": 0.9999219711464187,
                "b": 0.15031511765427719
            },
            "transform": {
                "a": 0.3940596655013828,
                "b": -0.009743279011418249,
                "c": 0.544375577470535,
                "d": 0.17363597390698549,
                "e": 1.1831341148109038,
                "f": 0.9037487458826514
            },
            "weightedVariations": [
                {
                    "weight": 0.5200000000000002,
                    "variation": {
                        "name": "Swirl"
                    }
                },
                {
                    "weight": 0.48000000000000026,
                    "variation": {
                        "name": "Linear"
                    }
                }
            ]
        }
    ]
}