{
    "components": [
        {
            "weight": 0.5400000000000003,
            "color": {
                "r": 0.45739615681449886,
                "g": 0.6900264955466622,
                "b": 0.9810022407053587
            },
            "transform": {
                "a": 0.7555469276993878,
                "b": 1.3080237648354238,
                "c": 0.5171758585289035,
                "d": 0.6639776161276258,
                "e": -0.12011454819822354,
                "f": -0.09297977368738364,
                "p": -1.471537091203162
            },
            "variations": [
                {
                    "weight": 0.5500000000000003,
                    "variation": {
                        "name": "Linear"
                    }
                },
                {
                    "weight": 0.45000000000000023,
                    "variation": {
                        "name": "Swirl"
                    }
                }
            ]
        },
        {
            "weight": 0.46000000000000024,
            "color": {
                "r": 0.1708930078556692,
                "g": 0.4230769727651178,
                "b": 0.7785357836389561
            },
            "transform": {
                "a": -0.6954847568431386,
                "b": -1.2242987881428078,
                "c": -0.7944987652666895,
                "d": 0.857351977298566,
                "e": 1.3513877479738383,
                "f": 1.4937793384340505,
                "p": 0.45899486590217653
            },
            "variations": [
                {
                    "weight": 0.45000000000000023,
                    "variation": {
                        "name": "Linear"
                    }
                },
                {
                    "weight": 0.5500000000000003,
                    "variation": {
                        "name": "Linear"
                    }
                }
            ]
        }
    ]
}