{
    "components": [
        {
            "weight": 0.49999999999999994,
            "color": {
                "r": 0.4925698773953364,
                "g": 0.7032898125941665,
                "b": 0.6993947593003891
            },
            "transform": {
                "a": 1.2839212982667059,
                "b": 0.2708583830086484,
                "c": 1.0541369813174475,
                "d": 0.7796586329246669,
                "e": 0.4383243593507442,
                "f": -0.6762989289135113
            },
            "variations": [
                {
                    "weight": 0.5000000000000002,
                    "variation": {
                        "name": "Swirl"
                    }
                },
                {
                    "weight": 0.5000000000000002,
                    "variation": {
                        "name": "Swirl"
                    }
                }
            ]
        },
        {
            "weight": 0.49999999999999994,
            "color": {
                "r": 0.0018741433681339625,
                "g": 0.5860092317912793,
                "b": 0.5274757228154145
            },
            "transform": {
                "a": 0.21361680442713293,
                "b": -1.454062529744133,
                "c": -0.9236477748500975,
                "d": -0.022210371390707806,
                "e": -0.45843240269593855,
                "f": -0.9767196033688965
            },
            "variations": [
                {
                    "weight": 0.48000000000000026,
                    "variation": {
                        "name": "Linear"
                    }
                },
                {
                    "weight": 0.5200000000000002,
                    "variation": {
                        "name": "Swirl"
                    }
                }
            ]
        }
    ]
}